Weitere Informationen: http://epaper, 
welt, 
de  Der Kurz-Link dieses Artikels lautet: https://www, 
de Der Kurz-Link dieses Artikels lautet: https://www,
de Der Kurz-Link dieses Artikels lautet: https://www,
“  Die WELT als ePaper: Die vollständige Ausgabe steht Ihnen bereits am Vorabend zur Verfügung – so sind Sie immer hochaktuell informiert,
Die WELT als ePaper: Die vollständige Ausgabe steht Ihnen bereits am Vorabend zur Verfügung – so sind Sie immer hochaktuell informiert,
de/,
*Sollten Sie über die mit einem Stern gekennzeichneten Links einen Kauf abschließen erhält WELT eine geringe Provision, 
Unsere Standards der Transparenz und journalistischen Unabhängigkeit finden Sie unter axelspringer,
Hier finden Sie unseren Live-Ticker mit allen relevanten Updates zur Corona-Krise  Die WELT als ePaper: Die vollständige Ausgabe steht Ihnen bereits am Vorabend zur Verfügung – so sind Sie immer hochaktuell informiert
“Diese Charts zeigte Präsident Trump während seines Auftritts:  Die WELT als ePaper: Die vollständige Ausgabe steht Ihnen bereits am Vorabend zur Verfügung – so sind Sie immer hochaktuell informiert,
**  Die WELT als ePaper: Die vollständige Ausgabe steht Ihnen bereits am Vorabend zur Verfügung – so sind Sie immer hochaktuell informiert,
Folgen Sie uns unter dem Namen ICONISTbyicon auch auf Facebook Instagram und Twitter,
Kommentieren Sie gern unter diesem Artikel oder schreiben Sie uns an: wirtschaftspodcast@welt, 
de, 
Abonnieren Sie den Podcast bei Spotify Apple Podcasts Google Podcasts EarliAudio und Deezer,
Oder direkt per RSS-Feed